BEGIN;

DROP TABLE IF EXISTS review;
DROP TABLE IF EXISTS reservation;
DROP TABLE IF EXISTS meal;

CREATE TABLE meal (
  id INTEGER GENERATED BY DEFAULT AS IDENTITY PRIMARY KEY,
  title VARCHAR(255) NOT NULL,
  description TEXT,
  location VARCHAR(255),
  "when" TIMESTAMP NOT NULL,
  max_reservations INTEGER,
  price NUMERIC(10, 2),
  created_date DATE
);

CREATE TABLE reservation (
  id INTEGER GENERATED BY DEFAULT AS IDENTITY PRIMARY KEY,
  number_of_guests INTEGER,
  meal_id INTEGER REFERENCES meal(id) ON DELETE CASCADE,
  created_date DATE,
  contact_phonenumber VARCHAR(20),
  contact_name VARCHAR(255),
  contact_email VARCHAR(255)
);

CREATE TABLE review (
  id INTEGER GENERATED BY DEFAULT AS IDENTITY PRIMARY KEY,
  title VARCHAR(255),
  description TEXT,
  meal_id INTEGER REFERENCES meal(id) ON DELETE CASCADE,
  stars INTEGER,
  created_date DATE
);

INSERT INTO meal (id, title, description, location, "when", max_reservations, price, created_date) VALUES
  (1, 'Pasta Night', 'Delicious Italian pasta dishes', 'Downtown Restaurant', '2023-10-01 19:00:00', 20, 15.99, '2023-09-20'),
  (2, 'Sushi Feast', 'Fresh sushi and sashimi', 'Sakura Sushi Bar', '2024-09-05 20:30:00', 15, 25.50, '2023-09-21'),
  (3, 'BBQ Party', 'Grilled meats and sides', 'Backyard BBQ Spot', '2023-10-03 17:00:00', 30, 20.00, '2023-09-22'),
  (4, 'Vegan Delight', 'Plant-based gourmet meals', 'Green Earth Cafe', '2024-10-05 16:30:00', 25, 18.75, '2023-09-23'),
  (5, 'Seafood Extravaganza', 'Fresh seafood platters', 'Ocean Breeze Restaurant', '2024-10-05 17:00:00', 20, 30.00, '2023-09-24'),
  (6, 'Taco Tuesday', 'Authentic Mexican tacos', 'Taco Truck', '2023-10-06 19:00:00', 40, 12.50, '2023-09-25'),
  (7, 'Updated Indian Curry Night', 'Authentic Indian curries and naan bread', 'Curry House', '2023-10-07 18:00:00', 20, 22.00, '2023-09-26'),
  (8, 'French Bistro Evening', 'Classic French dishes and wine', 'Paris Bistro', '2023-10-08 19:30:00', 15, 35.00, '2023-09-27'),
  (9, 'Taco Tuesday', 'Authentic Mexican tacos', 'Taco Truck', '2023-10-06 19:00:00', 40, 12.50, '2023-09-25'),
  (10, 'Indian Curry Night', 'Spicy Indian curries and naan', 'Curry House', '2023-10-07 18:00:00', 20, 22.00, '2023-09-26'),
  (11, 'French Bistro Evening', 'Classic French dishes and wine', 'Paris Bistro', '2023-10-08 19:30:00', 15, 35.00, '2023-09-27'),
  (12, 'Doner Kebab Night', 'Delicious doner kebabs and sides', 'Kebab House', '2026-10-09 18:00:00', 30, 10.00, '2025-09-28'),
  (13, 'Pizza Party', 'Variety of pizzas and drinks', 'Pizza Place', '2027-10-10 19:00:00', 25, 15.00, '2025-09-29'),
  (14, 'Burger Bash', 'Juicy burgers and fries', 'Burger Joint', '2028-10-11 18:30:00', 20, 12.00, '2025-09-30'),
  (15, 'Salad Bar', 'Fresh salads and dressings', 'Healthy Eats', '2029-10-12 19:00:00', 15, 8.50, '2025-10-01'),
  (16, 'Dessert Night', 'Assorted desserts and pastries', 'Sweet Tooth Bakery', '2030-10-13 18:00:00', 10, 5.00, '2025-10-02');

INSERT INTO reservation (id, number_of_guests, meal_id, created_date, contact_phonenumber, contact_name, contact_email) VALUES
  (1, 4, 1, '2023-09-30', '1234567890', 'John Doe', 'johndoe@example.com'),
  (2, 2, 2, '2023-09-30', '9876543210', 'Jane Smith', 'janesmith@example.com'),
  (3, 3, 3, '2023-09-30', '5551234567', 'Alice Johnson', 'alicejohnson@example.com'),
  (4, 5, 4, '2023-09-30', '4449876543', 'Bob Brown', 'bobbrown@example.com'),
  (5, 1, 5, '2023-09-30', '3335557777', 'Charlie White', 'charliewhite@example.com');

INSERT INTO review (id, title, description, meal_id, stars, created_date) VALUES
  (1, 'Amazing Pasta Night', 'The pasta was delicious and the atmosphere was great!', 1, 5, '2023-09-30'),
  (2, 'Sushi Heaven', 'Best sushi I have ever had!', 2, 4, '2023-09-30'),
  (3, 'BBQ Bliss', 'The BBQ was fantastic, loved the grilled meats!', 3, 5, '2023-09-30'),
  (4, 'Vegan Paradise', 'So many tasty vegan options!', 4, 4, '2023-09-30'),
  (5, 'Seafood Delight', 'Fresh seafood and great service!', 5, 5, '2023-09-30'),
  (6, 'Taco Fiesta', 'The tacos were authentic and flavorful!', 6, 5, '2023-09-30'),
  (7, 'Curry Perfection', 'The curries were spicy and delicious!', 7, 5, '2023-09-30'),
  (8, 'French Elegance', 'The French dishes were exquisite and paired well with wine!', 8, 5, '2023-09-30'),
  (9, 'Taco Tuesday', 'Authentic Mexican tacos', 6, 5, '2023-09-30'),
  (10, 'Indian Curry Night', 'Spicy Indian curries and naan', 7, 4, '2023-09-30'),
  (11, 'Updated Review Title', 'Updated review description', 11, 4, '2023-09-30');

SELECT setval(pg_get_serial_sequence('meal', 'id'), COALESCE((SELECT MAX(id) FROM meal), 1), true);
SELECT setval(pg_get_serial_sequence('reservation', 'id'), COALESCE((SELECT MAX(id) FROM reservation), 1), true);
SELECT setval(pg_get_serial_sequence('review', 'id'), COALESCE((SELECT MAX(id) FROM review), 1), true);

COMMIT;
